id,date,text,url,views,forwards,replies
346484,,سی‌بی‌اس‌نیوز به نقل از یک مقام دولتی جمهوری اسلامی گزارش داد تهران حملات اخیر آمریکا را «نقض جدی» تفاهم‌نامه امضاشده میان جمهوری اسلامی و آمریکا می‌داند. بر اساس این گزارش، اختلاف دو طرف بر سر نحوه اجرای تفاهم‌نامه و عبور کشتی‌های تجاری از تنگه هرمز است. تهران معتقد است همه کشتی‌های تجاری باید همچنان عبور خود را با جمهوری اسلامی هماهنگ کنند، اما واشینگتن بر این باور است که کشتی‌ها می‌توانند بدون هماهنگی با جمهوری اسلامی از تنگه هرمز عبور کنند. سی‌بی‌اس‌نیوز همچنین گزارش داد نگرانی‌هایی وجود دارد که تشدید تنش‌های اخیر به فروپاشی تفاهم‌نامه میان تهران و واشینگتن منجر شود. https://iranintl.com/202607080752 6.4K 03:40 PM,https://t.me/IranintlTV /346484,,,
346483,,Forwarded from ایران اینترنشنال ورزشی ... لیونل مسی با گلزنی و دادن پاس گل در بازی برابر مصر به رکورد ۲۱ گل زده و ۹ پاس گل در جام جهانی رسید و رکوردی منحصر به فرد از خودش به جای گذاشت. مسی اما در ضربات پنالتی آمار خوبی ندارد و از ۸ پنالتی که زده فقط ۲ پنالتی او تبدیل به گل شده است. توضیحات مزدک میرزایی، ایران‌اینترنشنال در برنامه هت‌تریک @iranintltvsport 15.8K 03:31 PM,https://t.me/IranintlTV /346483,,,
346482,,پرس‌تی‌وی، شبکه خبری انگلیسی‌زبان صداوسیمای جمهوری اسلامی، به نقل از یک «منبع امنیتی» گزارش داد راهبرد جدید جمهوری اسلامی این است که در واکنش به هر حمله، دست‌کم دو برابر آن، اهداف طرف مقابل را هدف قرار دهد. این منبع افزود هر تهدیدی با پاسخی قاطع روبه‌رو خواهد شد و جمهوری اسلامی میان آمریکا و شرکای منطقه‌ای آن تفاوتی قائل نیست. به گفته این منبع، پس از هر حمله، تنگه هرمز به‌طور کامل بسته خواهد شد و بازگشایی آن بر اساس سازوکار مورد نظر جمهوری اسلامی و مطابق با تفاهم‌نامه اسلام‌آباد انجام می‌شود. https://iranintl.com/202607084101 36.9K 03:08 PM,https://t.me/IranintlTV /346482,,,
346481,,0:24 یک شهروند با ارسال پیامی به ایران اینترنشنال روایت می‌کند که برقراری ایست‌بازرسی در جاده «امام رضا» در پاکدشت موجب ایجاد ترافیک و اختلال در تردد شهروندان شده است. 40K 03:02 PM,https://t.me/IranintlTV /346481,,,
346480,,سیاست با مراد ویسی - ۱۶ تیر 23:58 نسخه صوتی سیاست با مراد ویسی: مساله چلوکباب نیست @iranintlTV 42.2K 02:56 PM,https://t.me/IranintlTV /346480,,,
346479,,8:21 ساعاتی پس از حمله گسترده ارتش آمریکا به بیش از ۸۰ هدف در جنوب ایران در واکنش به حملات سپاه به کشتی‌ها در تنگه هرمز، ترامپ گفت از نظر او تفاهمنامه و آتش‌بس به پایان رسیده. او مقام‌های جمهوری اسلامی را افرادی پست و بیمار خواند و گفت دیگر تمایلی به تعامل با آن‌ها ندارد. گزارشی از مجتبا پورمحسن @iranintltv 45.4K 02:53 PM,https://t.me/IranintlTV /346479,,,
346478,,0:32 وزیر دفاع آمریکا درباره حملات شبانه به مواضع جمهوری اسلامی اعلام کرد نیروهای آمریکایی با موفقیت اهدافی را در تنگه هرمز هدف قرار داده‌اند. پیت هگست گفت به دستور دونالد ترامپ، رییس‌جمهوری آمریکا، نیروهای این کشور آمادگی دارند تا در صورت نیاز، امشب نیز ضربات بیشتر و عمیق‌تری به مواضع جمهوری اسلامی وارد کنند. @iranintltv 45.3K 02:51 PM,https://t.me/IranintlTV /346478,,,
346477,,دونالد ترامپ چهارشنبه در دیدار با احمد الشرع،‌ رییس دولت سوریه در حاشیه نشست ناتو در آنکارا گفت سوریه می‌تواند در موضوع حزب‌الله و لبنان نقش‌آفرینی کند. او همچنین اعلام کرد قصد دارد سوریه را از فهرست کشورهای حامی تروریسم خارج کند. ترامپ افزود سوریه اکنون «بسیار باثبات» شده و تاکید کرد تحریم‌های اعمال‌شده علیه این کشور را لغو کرده است. https://iranintl.com/202607085912 47.5K 02:42 PM,https://t.me/IranintlTV /346477,,,
346476,,6:00 چرا حفظ استقلال برای یک نابینا هر روز دشوارتر و پرهزینه‌تر می‌شود؟ از افزایش قیمت ساده‌ترین تجهیزات کمک‌توان‌بخشی گرفته تا هزینه‌های رفت‌وآمد، اشتغال و شهری که هنوز برای همه قابل دسترس نیست. آیه دریس، عضو تحریریه ایران‌اینترنشنال، در «پیوست» به چالش‌های زندگی نابینایان زیر سایه جمهوری اسلامی می‌پردازد @iranintltv 48.6K 02:35 PM,https://t.me/IranintlTV /346476,,,
346475,,4:18 رهبران کشورهای عضو ناتو در بیانیه پایانی نشست دو روزه در آنکارا بر تعهد خود به دفاع از یکدیگر تاکید کردند. بیانیه ناتو درباره آزادی کشتیرانی در تنگه هرمز هشدار داد و افزود که ایران هرگز نباید به سلاح هسته‌ای دست یابد. فرزیا ثابتی، خبرنگار ایران‌اینترنشنال، گزارش می‌دهد @iranintltv 57K 02:20 PM,https://t.me/IranintlTV /346475,,,
346474,,4:03 یک روز پس از آغاز دوباره درگیری‌های نظامی متقابل میان جمهوری اسلامی و آمریکا، دونالد ترامپ که برای شرکت در نشست ناتو به آنکارا سفر کرده است، به خبرنگاران گفت که از نظر او آتش‌بس با جمهوری اسلامی پایان یافته و دیگر تمایلی به توافق با تهران ندارد. سمیرا قرایی، خبرنگار ایران‌اینترنشنال، گزارش می‌دهد @iranintltv 56K 02:17 PM,https://t.me/IranintlTV /346474,,,
346473,,مارک روته، دبیرکل ناتو، در نشست این ائتلاف در آنکارا گفت: «همیشه می‌دانستم دونالد ترامپ و آمریکا کاملا به ناتو متعهد هستند. درباره هزینه‌های دفاعی اختلاف‌نظرهایی وجود داشت، اما رییس‌جمهوری آمریکا این مسئله را حل کرد و اکنون این ائتلاف بیش از هر زمان دیگری متحد است.» او در پاسخ به پرسشی درباره احتمال نقش‌آفرینی ناتو در جنگ آمریکا و اسرائیل علیه جمهوری اسلامی گفت: «ایران خارج از قلمرو ناتو قرار دارد، اما این به آن معنا نیست که ناتو هرگز نمی‌تواند درگیر شود.» روته افزود: «اگر مفید باشد، ناتو همیشه آماده ایفای نقش است، اما در حال حاضر باید دید در روزها و هفته‌های آینده چه رخ خواهد داد.» او تاکید کرد ناتو یک ائتلاف دفاعی با تمرکز بر حفاظت از منطقه فراآتلانتیک است و یادآور شد آخرین ماموریت این ائتلاف خارج از این منطقه، در افغانستان، با هرج‌ومرج پایان یافت و متحدان ناتو تمایلی به ورود به جنگی دیگر ندارند. او همچنین گفت بریتانیا و فرانسه به طور جداگانه در حال هدایت تلاش‌های بین‌المللی برای کمک به باز نگه داشتن تنگه هرمز هستند. https://iranintl.com/202607087050 54.9K 02:15 PM,https://t.me/IranintlTV /346473,,,
346472,,«برنامه» صدای شماست. ما شما را، بدون نوبت، مستقیم از ایران روی خط می‌آوریم. بیایید و روایت خود را برای همیشه ثبت کنید. تاریخ با صدای شما نوشته می‌شود. برای شرکت در برنامه، همین حالا در واتس‌اپ پیام بدهید: ۰۰۴۴۷۵۲۲۱۱۰۱۱۰ ۰۰۴۴۷۵۴۴۱۱۰۱۱۰ ۰۰۴۴۷۵۱۱۱۰۲۵۵۳ «برنامه با کامبیز حسینی» «یک ایران صدای شما را می‌شنود» @iranintltv 50.7K 02:10 PM,https://t.me/IranintlTV /346472,,,
346471,,پیت هگست، وزیر جنگ آمریکا، چهارشنبه در نشست مشترک با دونالد ترامپ و ولودیمیر زلنسکی در حاشیه اجلاس ناتو، درباره حملات شامگاه سه‌شنبه به جمهوری اسلامی گفت: «تاسیسات زیرزمینی محل نگهداری پهپادها و موشک‌ها، مواضع دفاع ساحلی، سایت‌های راداری، مراکز نظارتی و هر قابلیتی که برای ایجاد اخلال در کشتیرانی در تنگه هرمز استفاده می‌شد، هدف قرار گرفت.» او افزود: «هر آنچه جمهوری اسلامی بازسازی کرده بود یا از آن برای این حملات استفاده می‌کرد، شامگاه سه‌شنبه هدف قرار گرفت و اگر لازم باشد، امشب نیز به دستور رییس‌جمهور، اهداف بیشتری را حتی عمیق‌تر از قبل هدف قرار خواهیم داد، زیرا این پیامد اقدامات آن‌هاست.» https://iranintl.com/202607087123 56K 02:02 PM,https://t.me/IranintlTV /346471,,,
346470,,شبکه سی‌ان‌ان به نقل از یک مقام آمریکایی گزارش داد که همه موشک‌ها و پهپادهایی که جمهوری اسلامی بامداد چهارشنبه شلیک کرد، رهگیری شدند یا به هیچ هدفی اصابت نکردند و خسارت عمده‌ای به بار نیاوردند. این مقام افزود که در نهایت، پاسخ جمهوری اسلامی «ناکام ماند» و هیچ یک از نیروهای نظامی آمریکا زخمی نشدند. سپاه پاسداران نیز اعلام کرد اواخر سه‌شنبه حملاتی را به ۸۵ پایگاه نظامی آمریکا در بحرین و کویت، در پاسخ به مجموعه‌ای از حملات آمریکا، انجام داده است. https://iranintl.com/202607082027 53.8K 02:00 PM,https://t.me/IranintlTV /346470,,,
346469,,دونالد ترامپ، رییس‌جمهوری آمریکا، گفت جمهوری اسلامی درخواست کرده بود وقفه‌ای در درگیری‌ها ایجاد شود تا بتواند مراسم تشییع جنازه علی خامنه‌ای را برگزار کند. او افزود که با این درخواست موافقت شد، اما پس از آن دو موشک شلیک شد. ترامپ گفت: «آن‌ها درخواست یک وقفه کردند. می‌خواستند برای مراسم تشییع جنازه خامنه‌ای بروند. من گفتم این فرصت را به آن‌ها بدهید. و آن‌ها دو موشک شلیک کردند. منظورم این است که این دیوانه‌وارترین کار بود.» رییس‌جمهوری آمریکا افزود: «ما می‌توانستیم آن‌ها را بکشیم؛ بنابراین فکر می‌کنم باید از این زاویه هم به موضوع نگاه کرد.» او همچنین گفت جمهوری اسلامی درخواست کرده بود که آمریکا آن‌ها را نکشد و افزود: «ما گفتیم قرار نیست شما را بکشیم. هیچ کاری نکردیم. در واقع، ما امنیت آن‌ها را هم تامین کردیم.» https://iranintl.com/202607080550 58.1K 01:53 PM,https://t.me/IranintlTV /346469,,,
346468,,1:15 سرخط خبرهای چهارشنبه ۱۷ تیر @iranintltv 59.1K 01:45 PM,https://t.me/IranintlTV /346468,,,
346467,,1:15 سرخط خبرهای چهارشنبه ۱۷ تیر @iranintltv 59.1K 01:43 PM,https://t.me/IranintlTV /346467,,,
346466,,0:15 مارک روته، دبیرکل ناتو، روز چهارشنبه به خبرنگاران گفت موج تازه حملات آمریکا به ایران، پس از نقض آتش‌بس از سوی ایران و حمله به نفتکش‌ها در تنگه هرمز، «کاملا ضروری» بود. @iranintltv 67.5K 01:28 PM,https://t.me/IranintlTV /346466,,,
346465,,5:24 علی صدرزاده، تحلیلگر مسائل خاورمیانه، به ایران‌اینترنشنال گفت حملات جدید جمهوری اسلامی، معادلات امنیتی خلیج فارس را دگرگون کرده است و قطر و عمان عملا نقش میانجیگری خود را کنار گذاشته‌اند. به گفته او، کشورهای عربی حوزه خلیج فارس اکنون بیش از گذشته به تقویت سامانه‌های پدافند هوایی و هماهنگی امنیتی با آمریکا می‌اندیشند؛ موضوعی که می‌تواند آغازگر فصل تازه‌ای در آرایش امنیتی منطقه باشد. @iranintltv 63.3K 01:26 PM,https://t.me/IranintlTV /346465,,,
346464,,امانوئل مکرون، رییس‌جمهوری فرانسه، چهارشنبه در حاشیه نشست ناتو در پاسخ به خبرنگاران گفت حملات جمهوری اسلامی به پایگاه‌های آمریکا در خلیج فارس، توافق موقت را نقض کرده و تهران در انجام این حملات اشتباه کرده است. او در عین حال گفت انتظار دارد نشست‌ها در چارچوب آتش‌بس ۶۰ روزه میان آمریکا و جمهوری اسلامی ادامه یابد. دونالد ترامپ پیش‌تر چهارشنبه گفته بود توافق موقت برای پایان جنگ با جمهوری اسلامی، پس از این حملات، پایان یافته است. مکرون همچنین گفت در نشست رهبران، هیچ گلایه‌ای از سوی دونالد ترامپ درباره متحدان نشنیده است. او افزود پیشنهاد مشترک فرانسه و بریتانیا برای ایجاد یک ماموریت دریایی در تنگه هرمز همچنان موضوعیت دارد. https://iranintl.com/202607084833 62.2K 01:24 PM,https://t.me/IranintlTV /346464,,,
346463,,1:52 دونالد ترامپ، رییس‌جمهوری آمریکا، گفت از رفتار ایران در قبال مذاکرات راضی نیست و ارتش این کشور احتمالا امشب دور تازه‌ای از حملات علیه اهدافی در ایران انجام خواهد داد. ترامپ گفت: «امشب حمله بسیار شدیدی انجام خواهیم داد، اما باید ببینیم در نهایت اوضاع چگونه پیش می‌رود.» @iranintltv 56K 01:24 PM,https://t.me/IranintlTV /346463,,,
346462,,دونالد ترامپ، رییس‌جمهوری آمریکا، با تاکید بر نقض مداوم آتش‌بس از سوی جمهوری اسلامی، گفت: «آن‌ها هرگز تحت توافق ما به سلاح هسته‌ای دست نخواهند یافت. اما نمی‌دانم اصلا توافقی در کار خواهد بود یا نه؛ شاید این مسئله را بدون توافق حل کنیم.» ترامپ گفت جمهوری اسلامی «هر روز» آتش‌بس با آمریکا را نقض می‌کند. او افزود: «آن‌ها دروغ می‌گویند، تقلب می‌کنند و آدم می‌کشند.» ترامپ بار دیگر از توافق هسته‌ای دوران ریاست‌جمهوری باراک اوباما انتقاد کرد و آن را «یکی از بدترین فاجعه‌ها» خواند. او گفت: «توافق ما دیواری در برابر دستیابی به سلاح هسته‌ای است، اما توافق او [باراک اوباما] جاده‌ای به سوی سلاح هسته‌ای بود.»او گفت: «توافق ما دیواری در برابر دستیابی به سلاح هسته‌ای است، اما توافق او [اوباما] جاده‌ای به سوی سلاح هسته‌ای بود.» https://iranintl.com/202607089962 57K 01:21 PM,https://t.me/IranintlTV /346462,,,
346461,,بر اساس گزارش‌های رسیده به ایران‌اینترنشنال، ۱۲ تن از بازداشت‌شدگان اعتراضات انقلاب ملی در پرونده «میدان علیخانی» اصفهان، پس از تایید احکام اعدام در دیوان عالی کشور، در آستانه اجرای حکم قرار دارند. بر اساس این گزارش، احکام اعدام این افراد ۱۴ تیرماه ۱۴۰۵ در دیوان عالی کشور تایید شده و پرونده برای اجرای حکم به شعبه اجرای احکام دادگاه انقلاب اصفهان ارجاع شده است. علیرضا سپاهی، متولد ۱۳۸۰ (چهار حکم اعدام)، ابوالفضل سپاهی، متولد ۱۳۸۱ (سه حکم اعدام)، قائم حسینی، متولد ۱۳۸۴ (دو حکم اعدام)، گل‌محمد محمدی، شهروند افغانستان، متولد ۱۳۸۱، شروین باقریان، متولد ۱۳۸۶ (دو حکم اعدام)، عرفان اسفندیاری، متولد ۱۳۸۶، امیرحسین صفری، متولد ۱۳۷۷، امیرحسین ملکی، متولد ۱۳۸۵، علی دشتی، متولد ۱۳۸۵، ابوالفضل ابراهیمی، متولد ۱۳۸۶، علیرضا رئیسی، متولد ۱۳۸۳ و امیرحسین ابراهیمی انالوچه، متولد ۱۳۸۵ (دو حکم اعدام) در معرض خطر اعدام هستند. بنا بر این گزارش، در جریان اعتراضات و سرکوب شدید دی‌ماه ۱۴۰۴ در میدان علیخانی اصفهان، در مرحله نخست ۵۹ نفر بازداشت شدند. از میان آنان، ۲۳ نفر به پنج تا ۱۰ سال حبس محکوم شده‌اند. به,https://t.me/IranintlTV /346461,,,
346460,,روایت شما از مراسم حکومتی دفن خامنه‌ای - چهارشنبه ۱۷ تیر در شرایط جنگ، بسیاری از شرکت‌های تولیدی و بازرگانی ایران درآمدی ندارند، اما سازمان امور مالیاتی با مالیات‌های سنگین و جریمه‌های مداوم، فشار زیادی به مردم و کسب‌وکارها وارد می‌کند. میلیاردها دلار صرف دفن خامنه‌ای، شیطان بزرگ و ویرانگر ایران‌زمین شد که بیش از نیمی از این پول، به بهانه تشییع جنازه خامنه‌ای، به جیب سپاه رفته است. با دو عدد تخم‌مرغ، شربت و گاه برنج پاکستانی، آدم‌ها را با فریب و نمایش خیرات دور خودشان جمع کردند، ولی بهترین خوراکی‌ها در پکیج‌های استاندارد صرف سران، مداحان و افراد رژیم تبهکار جمهوری اسلامی شد. سه هفته است کارت عابر بانکم گم شده، رفتم بانک گفتند سیستم برای صدور کارت جدید اختلال دارد. الان هم یک هفته است برای مراسم دفن خامنه‌ای بانک تعطیل شده است. به کارت عابر بانکم نیاز دارم، ولی بانک تعطیل است. مازندران: مگر نمی‌گویند ۳۰ میلیون جان‌فدا ثبت‌نام کرده‌اند، طرح مال‌فدا راه بیندازند. کسی که جانش را می‌دهد، مال برایش بی‌ارزش است. از همان‌ها خرج مراسم رهبرشان را بگیرند. خدا این خامنه‌ای را لعنت کند. تا ز,https://t.me/IranintlTV /346460,,,
346459,,دونالد ترامپ، رییس‌جمهوری آمریکا، گفت ارتش این کشور احتمالا امشب دور تازه‌ای از حملات علیه اهدافی در ایران انجام خواهد داد. ترامپ پیش از دیدار با ولودیمیر زلنسکی، رییس‌جمهوری اوکراین، با اشاره به حملات جمهوری اسلامی به شناورها در تنگه هرمز گفت: «آن‌ها چند پهپاد و یک موشک به سمت شناورها شلیک کردند، در حالی که این شناورها حق داشتند در تنگه هرمز حضور داشته باشند. به همین دلیل دیشب بسیار سخت به آن‌ها حمله کردیم.» او افزود: «احتمالا امشب هم بار دیگر حمله بسیار شدیدی انجام خواهیم داد. فقط کمی از قبل به آن‌ها هشدار می‌دهم.» ترامپ همچنین گفت: «امشب حمله بسیار شدیدی انجام خواهیم داد، اما باید ببینیم در نهایت اوضاع چگونه پیش می‌رود.» https://iranintl.com/202607080782 61.3K 01:08 PM,https://t.me/IranintlTV /346459,,,
346458,,رهبران کشورهای عضو ناتو در بیانیه پایانی نشست این ائتلاف در آنکارا تاکید کردند جمهوری اسلامی هرگز نباید به سلاح هسته‌ای دست یابد و از حکومت ایران خواستند به طور کامل به آزادی کشتیرانی در تنگه هرمز احترام بگذارد. در این بیانیه آمده است ناتو همچنان به رقابت‌های راهبردی، بی‌ثباتی فراگیر، تهدیدهای ترکیبی و بحران‌های پی‌درپی که محیط امنیتی این ائتلاف را تحت تاثیر قرار می‌دهند، واکنش نشان می‌دهد و خود را با این شرایط تطبیق می‌دهد. رهبران ناتو همچنین بر «تعهد تزلزل‌ناپذیر» خود به دفاع جمعی بر اساس ماده ۵ پیمان واشینگتن تاکید کردند و بار دیگر اعلام کردند حمله به یک عضو، حمله به همه اعضای این ائتلاف تلقی می‌شود. در بیانیه پایانی نشست همچنین آمده است اعضای ناتو در سال ۲۰۲۶، ۷۰ میلیارد یورو کمک نظامی، آموزشی و تجهیزاتی به اوکراین اختصاص خواهند داد و این سطح از حمایت را در سال ۲۰۲۷ نیز حفظ خواهند کرد. رهبران این ائتلاف همچنین از امضای بیش از ۵۰ میلیارد دلار قرارداد جدید برای خرید تجهیزات دفاعی خبر دادند. https://iranintl.com/202607083909 68.5K 01:00 PM,https://t.me/IranintlTV /346458,,,
346457,,5:16 روح‌الله رحیم‌پور، تحلیلگر سیاسی، به ایران‌اینترنشنال گفت تکرار حملات جمهوری اسلامی به کشورهای منطقه می‌تواند آمریکا را به این نتیجه برساند که هزینه ادامه مذاکرات دیپلماتیک افزایش یافته و دیگر ضرورتی برای حفظ این روند وجود ندارد @iranintltv 91.4K edited 12:09 PM,https://t.me/IranintlTV /346457,,,
346456,,1:41 دونالد ترامپ، رییس‌جمهوری آمریکا، در نشست سران ناتو در آنکارا گفت: «جمهوری اسلامی دیوانه است. آنها هزاران نفر از مردم خودشان را کشتند. ما وقت زیادی را صرف جمهوری اسلامی کردیم و آنها همچنان به کشورهای منطقه موشک شلیک می‌کنند.» 92.4K 12:07 PM,https://t.me/IranintlTV /346456,,,
346449,,2:47 هم‌زمان با افزایش احتمال فروش جنگنده‌های پیشرفته اف-۳۵ آمریکا به ترکیه، اسرائیل تلاش‌های سیاسی و دیپلماتیک خود را برای جلوگیری از این معامله افزایش داده است. بابک اسحاقی، خبرنگار ایران‌اینترنشنال، گزارش می‌دهد @iranintltv 79.9K 11:54 AM,https://t.me/IranintlTV /346449,,,
346448,,اخبار نیم‌روزی | چهارشنبه ۱۷ تیر 41:36 نسخه صوتی اخبار نیم‌روزی | چهارشنبه ۱۷ تیر @iranintlTV 86.2K 11:43 AM,https://t.me/IranintlTV /346448,,,
346447,,6:43 دونالد ترامپ با انتقاد شدید از مقام‌های جمهوری اسلامی گفت: «آتش‌بس پایان یافته است؛ باید سرطان را از بین برد.» مرتضی کاظمیان، عضو تحریریه ایران‌اینترنشنال، از فشار حداکثری ترامپ بر تهران برای توافق، تشدید تنش، و شکنندگی آتش‌بس می‌گوید. @iranintltv 95.6K 11:30 AM,https://t.me/IranintlTV /346447,,,
346446,,6:02 علی‌حسین قاضی‌زاده، عضو تحریریه ایران‌اینترنشنال، درباره حملات اخیر آمریکا به جمهوری اسلامی گفت: «آمریکا اکنون در برابر یک انتخاب تاریخی قرار دارد؛ یا باید برای یک‌بار و همیشه هزینه مقابله با جمهوری اسلامی و برچیدن این حکومت را بپردازد، یا آن را رها کند تا به مسیر سال‌های گذشته خود ادامه دهد؛ مسیری که به بیرون راندن آمریکا از منطقه، دستیابی به سلاح هسته‌ای و تقویت دوباره نیروهای نیابتی منتهی می‌شود.» او معتقد است مردم ایران هزینه مقابله با جمهوری اسلامی را با کشته شدن ۴۰ هزار نفر در دی‌ماه پرداخته‌اند و اکنون نوبت آمریکا و کشورهای غربی است که برای پایان دادن به این حکومت پیش‌قدم شوند. @iranintltv 96.6K 11:28 AM,https://t.me/IranintlTV /346446,,,
346445,,1:31 یک شهروند با ارسال ویدیویی به ایران اینترنشنال، ضمن اشاره به قیمت بالای مواد غذایی گفت برای خرید نیم کیلو زیتون و چهار دانه تخم‌مرغ ۴۰۵ هزار تومان پرداخت کرده است. او با انتقاد از وضعیت اقتصادی، این شرایط را نشانه ناتوانی حکومت در اداره کشور دانست. 103.9K 11:10 AM,https://t.me/IranintlTV /346445,,,
346444,,1:00 نامه‌هایی به دیکتاتور: ابوالفضل قدیانی در ۳۶ سال حکمرانی علی خامنه‌ای، ده‌ها فعال سیاسی، نویسنده، هنرمند و کنشگر حقوق بشر سکوت را شکستند و بی‌اعتنا به پیامدهای امنیتی، نامه‌هایی انتقادی و اعتراضی یا توام با هشدار درباره سیاست‌های حکومت، خطاب به او نوشتند. این نامه‌ها نه تنها با پاسخ خامنه‌ای همراه نشد، بلکه برای نویسندگان آنها تهدید و خشونت و زندان در پی داشت. @iranintltv 107K 11:01 AM,https://t.me/IranintlTV /346444,,,
346443,,0:23 ویدیوی رسیده به ایران اینترنشنال وقوع انفجارهای متعدد در شهر خورموج استان بوشهر را نشان می‌دهد که در جریان حملات آمریکا هدف گرفته شد. 115.3K 10:34 AM,https://t.me/IranintlTV /346443,,,
346441,,1:53 یک مخاطب با ارسال پیامی صوتی به ایران اینترنشنال گفت که بر اساس مشاهداتش، تشییع علی خامنه‌ای با حضور جمعیتی برگزار شد که از شهرهای دیگر با ۲۷۰ دستگاه اتوبوس به قم منتقل شده بودند. این شهروند افزود که بسیاری از ساکنان بومی قم در روز تشییع دومین رهبر جمهوری اسلامی به حومه این شهر رفته بودند و در این مراسم حکومتی شرکت نداشتند. 122.4K 10:03 AM,https://t.me/IranintlTV /346441,,,
346440,,Forwarded from ایران اینترنشنال ورزشی جام جهانی فوتبال بار دیگر تحت تاثیر نبوغ لیونل مسی قرار گرفت. در مرحله یک‌هشتم نهایی، آرژانتین تا دقیقه ۷۹ با نتیجه ۲ بر صفر از مصر عقب بود و در آستانه یک فاجعه قرار داشت، اما فوق‌ستاره آرژانتینی کامبکی جنون‌آمیز را رقم زد. پس از پاس گل مسی به رومرو و سپس گل تساوی‌بخش خودش، فرناندز در وقت‌های تلف‌شده گل صعود به یک‌چهارم نهایی را به ثمر رساند. این درخشش خیره‌کننده، رسانه‌های جهان را شگفت‌زده کرد. روزنامه «اکیپ» فرانسه از «معجزه‌شدگان نیل» نوشت و نشریه آرژانتینی «اوله» عملکرد مسی را «فرعونی» توصیف کرد. روزنامه «آاس» اسپانیا تیتر «زنده ماندند» را برگزید و «کوریره دلو اسپورت» ایتالیا نیز با تیتر «اوه خدای من»، این سناریو را غیرواقعی توصیف کرد. «دیلی میل» نیز به اشک‌های مسی پس از بازی پرداخت. فوق‌ستاره آرژانتینی که در این دیدار یک ضربه پنالتی را از دست داده بود، گفت: «گریه کردم چون احساس می‌کردم با آن پنالتی بد، هم‌تیمی‌هایم را ناامید کرده‌ام. اما خوشبختانه خدا در پایان چیز خاصی برای من در نظر گرفته بود.» @iranintltvsport 123.4K 09:55 AM,https://t.me/IranintlTV /346440,,,
346439,,4:03 محمدجواد اکبرین، عضو تحریریه ایران‌اینترنشنال، گفت آرایش کشورهای منطقه برای تعیین تکلیف جمهوری اسلامی، منسجم‌تر از همیشه است؛ توافق، یا بازگشت به جنگ برای براندازی. @iranintltv 122.4K 09:37 AM,https://t.me/IranintlTV /346439,,,
346438,,1:17 سرخط خبرهای چهارشنبه ۱۷ تیر @iranintltv 121.3K 09:36 AM,https://t.me/IranintlTV /346438,,,
346437,,روزنامه «اورشلیم‌پست» به نقل از یک منبع آگاه گزارش داد که پیت هگست، وزیر جنگ آمریکا، چهارشنبه سفر برنامه‌ریزی‌شده خود به اسرائیل را که قرار بود در جریان آن با بنیامین نتانیاهو، نخست‌وزیر اسرائیل، و یسرائیل کاتز، وزیر دفاع این کشور، دیدار کند، لغو کرده است. هگست که همراه با دونالد ترامپ، رییس‌جمهوری آمریکا، برای شرکت در نشست ناتو در آنکارا حضور دارد، قرار بود سفری کوتاه به اسرائیل داشته باشد. 126.4K 09:21 AM,https://t.me/IranintlTV /346437,,,
346436,,مارک روته، دبیرکل ناتو، در نشست خبری مشترک با دونالد ترامپ، رییس‌جمهوری آمریکا، در آنکارا، از حملات شبانه آمریکا به جمهوری اسلامی حمایت کرد و گفت این حملات «کاملا ضروری» بوده است. روته با اشاره به حملات آمریکا افزود: «این یک پاسخ بسیار قوی بود و من در این موضوع با شما هم‌نظر هستم.» دبیرکل ناتو همچنین از مواضع کشورهای اروپایی از عملیات نظامی آمریکا علیه جمهوری اسلامی دفاع کرد. او این اظهارات را در واکنش به انتقادهای ترامپ از برخی اعضای ناتو، از جمله بریتانیا و اسپانیا، به دلیل محدود کردن همکاری نظامی با آمریکا مطرح کرد. روته گفت: «می‌دانم که شما درباره ایران ناامید شده‌اید، اما به نظر من این‌ها مواردی استثنایی هستند.» او افزود: «پنج هزار هواپیما از فرودگاه‌های اروپا در حمایت از عملیات «اپیک فیوری» به پرواز درآمدند و اروپا به سکویی بزرگ برای نمایش و اعمال قدرت آمریکا تبدیل شد.» 115K 09:21 AM,https://t.me/IranintlTV /346436,,,
346435,,دونالد ترامپ، رییس‌جمهوری آمریکا، با اشاره به مراسم دفن علی خامنه‌ای، گفت جمهوری اسلامی به جای حرکت به سمت کاهش تنش، حملات موشکی به شناورها را آغاز کرد و آمریکا نیز در پاسخ، حمله‌ای گسترده علیه جمهوری اسلامی انجام داد. ترامپ که در دیدار با مارک روته، دبیرکل ناتو، در آنکارا سخن می‌گفت، اظهار داشت: «ما گفتیم بروید مراسم تشییع خود را برگزار کنید، اما آن‌ها به جای آن، دیروز شروع به شلیک موشک به سمت شناورها کردند. به همین دلیل، دیشب بسیار سخت به آن‌ها حمله کردیم.» رییس‌جمهوری آمریکا همچنین جمهوری اسلامی را «بیمار» توصیف کرد و گفت: «آن‌ها بیمارند. یک مشکلی دارند.» ترامپ افزود حملات آمریکا «۲۰ برابر شدیدتر» از حملات تلافی‌جویانه ایران بوده است و گفت: «باید سرطان را از بین برد.» 105.8K 09:21 AM,https://t.me/IranintlTV /346435,,,
346434,,دونالد ترامپ، رییس‌جمهوری آمریکا، در واکنش به حملات جمهوری اسلامی به نفتکش‌ها در تنگه هرمز و همچنین حمله به بحرین و کویت، مقام‌های جمهوری اسلامی را «بیمار» و «کثیف» خواند و گفت: «باید سرطان را از بین برد.» او در دیدار با مارک روته، دبیرکل ناتو، در آنکارا تاکید کرد که «حمله‌ای بسیار شدید» انجام داده است. ترامپ گفت حملات آمریکا «۲۰ برابر شدیدتر» از حملات تلافی‌جویانه جمهوری اسلامی بوده است. 98.6K 09:21 AM,https://t.me/IranintlTV /346434,,,
346433,,دونالد ترامپ، رییس‌جمهوری آمریکا، در پاسخ به سوال خبرنگاران در آنکارا درباره ادامه آتش‌بس میان آمریکا و جمهوری اسلامی، گفت از نظر او این آتش‌بس پایان یافته است و دیگر تمایلی به تعامل با تهران ندارد. ترامپ گفت: «این سوال بسیار جالبی است. از نظر من، آتش‌بس پایان یافته است. دیگر نمی‌خواهم با آن‌ها سروکار داشته باشم.» او افزود با مذاکره‌کنندگان آمریکایی گفت‌وگو خواهد کرد و در عین حال تاکید کرد: «آن‌ها می‌خواهند مذاکره کنند، اما از نظر من، ادامه تعامل با آن‌ها فقط اتلاف وقت است.» آمریکا و ایران ۲۷ خرداد تفاهم‌نامه‌ای امضا کردند که بر اساس آن، درگیری‌های نظامی میان دو کشور متوقف شد و دو طرف متعهد شدند طی یک دوره ۶۰ روزه برای دستیابی به توافقی نهایی و پایدار درباره صلح مذاکره کنند. 98.5K 09:20 AM,https://t.me/IranintlTV /346433,,,
346432,,1:02 یک مخاطب با ارسال ویدیویی به ایران اینترنشنال، ارسال پیامک‌های پرشمار درباره مراسم خاکسپاری علی خامنه‌ای را نشانه ضعف جمهوری اسلامی دانست و خطاب به مردم گفت: «نا امید نشوید و فریب این پروپاگاندا را نخورید. حکومت به فلاکت افتاده و درمانده است.» 95.4K 09:15 AM,https://t.me/IranintlTV /346432,,,
346431,,Forwarded from ایران اینترنشنال ورزشی انتخاب داوران برای مسابقات حساس جام جهانی همواره با حاشیه‌ها و بحث‌های فراوانی همراه بوده است. انتخاب فرانسوا لتکسیه، داور فرانسوی، برای قضاوت دیدار مرحله یک‌هشتم نهایی میان آرژانتین و مصر، موجی از نگرانی را در میان رسانه‌ها و هواداران آرژانتینی ایجاد کرد و پس از بازی نیز قضاوت او با انتقاد شدید مصری‌ها روبه‌رو شد. انتخاب فاکوندو تلو، داور آرژانتینی، برای بازی حساس مرحله یک‌چهارم نهایی میان فرانسه و مراکش نیز با توجه به رقابت دیرینه و حساسیت‌های موجود میان خروس‌ها و آلبی‌سلسته، مورد سوال قرار گرفته است. اما فیفا بر چه اساسی داوران هر مسابقه را تعیین می‌کند؟ سعید النجیمی، داور بین‌المللی و کارشناس فعلی روزنامه اکیپ، معتقد است که روند انتخاب داوران از سوی فیفا چندان شفاف نیست. او در این باره گفت: «معیارهای دقیق تعیین داوران که در انحصار کمیته داوران قرار دارد، چه در فیفا و چه در سایر نهادها (مانند یوفا یا مسابقات باشگاهی)، کاملا مبهم باقی مانده است. در اصل، از مرحله حذفی جام جهانی به بعد، اولویت با داوران باهوش و باتجربه‌ای است.» گزارش کامل را در,https://t.me/IranintlTV /346431,,,
346430,,0:21 بر اساس گزارش‌ها بامداد ۱۷ تیرماه، پایگاه نیروی دریایی سپاه پاسدران در اسکله صیادی پُشَهر (پشت شهر) در بندرعباس هدف حمله آمریکا قرار گرفت. ویدیوهای رسیده به ایران اینترنشنال نشان می‌دهد که شماری از قایق‌داران محلی در حوالی اسکله تجمع کردند. 113.9K 08:30 AM,https://t.me/IranintlTV /346430,,,
346429,,5:16 روح‌الله رحیم‌پور، تحلیلگر سیاسی، به ایران‌اینترنشنال گفت تکرار حملات جمهوری اسلامی به کشورهای منطقه می‌تواند آمریکا را به این نتیجه برساند که هزینه ادامه مذاکرات دیپلماتیک افزایش یافته و دیگر ضرورتی برای حفظ این روند وجود ندارد @iranintltv 111.8K 08:21 AM,https://t.me/IranintlTV /346429,,,
346428,,احمد مروی، تولیت آستان قدس رضوی گفت: «با نظر مجتبی خامنه‌ای، محل دفن جنازه علی خامنه‌ای، در مسیر زائران محل دفن امام هشتم شیعیان در مشهد خواهد بود.»مروی اعلام کرد به مجتبی خامنه‌ای پیشنهاد شده بود تا جایی شبیه محل دفن شیخ بهایی برای خامنه‌ای ساخته شود «تا به‌تدریج ماندگار شود»، اما او با این موضوع مخالفت کرده است. تولیت آستان قدس رضوی همچنین افزود اختیار تعیین مکان دفن جنازه علی خامنه‌ای با «بیت رهبری» است و هر کجا که تعیین شود، آنجا انجام خواهد شد. 113.9K edited 08:21 AM,https://t.me/IranintlTV /346428,,,
346427,,0:32 ویدیوهای رسیده به ایران اینترنشنال لحظه وقوع انفجار و مشاهده نور آن در مناطقی از بندرعباس را نشان می‌دهد. بر اساس گزارش‌ها، همزمان با حمله بامداد چهارشنبه آمریکا، چندین تعدادی خودروی پلیس و گروهی از نیروهای سپاه پاسداران در محدوده بازار ماهی‌فروش‌های بندرعباس مستقر شده بودند. 105.7K 08:13 AM,https://t.me/IranintlTV /346427,,,
346426,,Forwarded from ایران اینترنشنال ورزشی فدراسیون فوتبال مصر در پی شکست ۳ به ۲ مقابل آرژانتین در مرحله یک‌هشتم نهایی جام جهانی، شکایت رسمی خود را از تیم داوری به فیفا ارائه کرد. مصری‌ها با انتقاد شدید از تصمیم‌های داوری، رسما خواستار محرومیت و اخراج فرانسوا لتکسیه، داور فرانسوی، و دستیارانش از ادامه مسابقات شده‌اند. به گزارش روزنامه اسپانیایی آاس، هانی ابو ریدا، رییس فدراسیون فوتبال مصر، خواستار تحقیقات فوری درباره اشتباهات داوری علیه کشورش شده است. نقطه جنجالی این مسابقه، مردود شدن گل «مصطفی زیکو» در دقیقه ۵۸ از سوی اتاق کمک‌داور ویدیویی (VAR) و همچنین نادیده گرفتن خطای احتمالی روی «محمد صلاح» پیش از گل سوم آرژانتین در دقیقه ۲+۹۰ بود. حسام حسن، سرمربی مصر، پس از بازی به شبکه بی‌این اسپورت گفت: «ما تیم برتر زمین بودیم. آنچه اتفاق افتاد نه عادلانه بود و نه منصفانه. یکی از گل‌های ما مردود شد و هنوز هم دلیلش را نمی‌دانیم.» این اعتراض‌ها در پایان مسابقه به اوج رسید؛ جایی که چهار بازیکن مصر و حسام حسن کارت زرد گرفتند و یکی از اعضای کادر فنی نیز اخراج شد. @iranintltvsport 107.8K 08:08 AM,https://t.me/IranintlTV /346426,,,
346425,,5:19 دومین روز نشست کشورهای عضو ناتو در آنکارا با حضور سران ۳۲ کشور عضو، از جمله دونالد ترامپ، امانوئل مکرون، نخست‌وزیران بریتانیا و ایتالیا و صدراعظم آلمان در حال برگزاری است. گزارش فرزیا ثابتی و نرگس هورخش، خبرنگاران ایران‌اینترنشنال @iranintltv 105.7K 08:01 AM,https://t.me/IranintlTV /346425,,,
346424,,0:18 ویدیوی رسیده به ایران اینترنشنال، وضعیت اسکله صیادی شهر کوهستک شهرستان سیریک پس از حملات بامداد چهارشنبه را نشان می‌دهد. به گفته تعدادی از ماهی‌گیران حاضر در محل، این اسکله پیش از حمله آمریکا تخلیه شده بود و هنگام اصابت‌ها کسی در آنجا حضور نداشت. 109.9K 07:55 AM,https://t.me/IranintlTV /346424,,,
346423,,3:57 رسانه‌های استرالیایی در گزارش‌های خود به غیبت چهره‌های ارشد جمهوری اسلامی در مراسم تشییع جنازه علی خامنه‌ای، ابهام درباره جانشین او و آینده مبهم جمهوری اسلامی پرداختند. علیرضا محبی، خبرنگار ایران‌اینترنشنال گزارش می‌دهد @iranintltv 98.6K 07:54 AM,https://t.me/IranintlTV /346423,,,
346422,,اخبار بامدادی | چهارشنبه ۱۷ تیر 41:40 نسخه صوتی اخبار بامدادی | چهارشنبه ۱۷ تیر @iranintlTV 100.7K 07:49 AM,https://t.me/IranintlTV /346422,,,
346421,,0:22 ویدیوی رسیده به ایران اینترنشنال، آتش‌سوزی و برخاستن دود در اسکله بندر کوهستک شهرستان سیریک را نشان می‌دهد که هدف حمله بامدادی آمریکا قرار گرفت. 106.9K 07:42 AM,https://t.me/IranintlTV /346421,,,
346420,,روابط عمومی منطقه سوم دریایی سپاه پاسداران در بندر ماهشهر اعلام کرد یکی از نیروهای این نهاد در حملات بامداد چهارشنبه آمریکا کشته شده است. سپاه پاسداران هویت این نیرو را محمدرضا خزیمی اعلام کرد و گفت او در حین «مقابله با پهپادهای دشمن» و بر اثر اصابت ترکش پرتابه کشته شده است. این روابط عمومی جزئیات بیشتری درباره محل دقیق حمله یا شرایط وقوع آن منتشر نکرد. https://iranintl.com/202607085356 104.9K 07:29 AM,https://t.me/IranintlTV /346420,,,
346419,,Forwarded from ایران اینترنشنال ورزشی فیفا با انتشار بیانیه‌ای رسمی، اهانت «نژادپرستانه» به «آی‌شو‌اسپید» (IShowSpeed)، اینفلوئنسر و یوتیوبر مشهور آمریکایی، از سوی یک هوادار در جریان بازی آرژانتین و کیپ‌ورد در جام جهانی را محکوم و تحقیقات خود را آغاز کرد. در جریان پخش زنده این مسابقه در ورزشگاه میامی، یک هوادار آرژانتینی رو به اسپید کرد و با لحنی تند به او گفت: «برو تو باغ‌وحش گریه کن.» فیفا در واکنش به این اتفاق اعلام کرد: «فیفا هرگونه نژادپرستی، نفرت‌پراکنی و تبعیض را شدیدا محکوم می‌کند. جام جهانی مظهر اتحاد، تنوع و احترام است و هرکس این ارزش‌ها را خدشه‌دار کند، جایی در فوتبال ندارد.» این یوتیوبر ۲۱ ساله که با لباس تیم کیپ‌ورد در ورزشگاه حضور داشت، بر اساس قراردادی با فیفا، شبکه فاکس اسپورت و یوتیوب، بازی‌ها را به‌صورت زنده برای بیش از ۱۵۰ میلیون دنبال‌کننده خود پخش می‌کند. @iranintltvsport 105.9K 07:19 AM,https://t.me/IranintlTV /346419,,,
346418,,روایت شما از زندگی در دوران پس از انقلاب ملی و جنگ - چهارشنبه ۱۷ تیر: خانه‌ای که تا سال پیش ۲ میلیارد بود، الان قیمتش به ۷ میلیارد رسیده است. با پس‌انداز سال‌ها و در ۵۰ سالگی تصمیم داشتم یک واحد کوچک قدیمی‌ساز بخرم، به‌یک‌باره قیمت خانه بیش از صد درصد جهش کرد ولی پول من همون مقدار موند و بی‌ارزش شد. سه هفته است کارت عابر بانکم گم شده، رفتم بانک گفتند سیستم برای صدور کارت جدید، اختلال دارد. الان هم یک هفته است برای مراسم دفن خامنه‌ای بانک تعطیل شده است. به کارت عابر بانکم نیاز دارم، ولی بانک تعطیل است. هنوز بانک‌ها مشکل دارن و این موضوع روی کسب‌وکارها تاثیر گذاشته. تکلیف چک و قسط و کارت‌خوان هم مشخص نیست. از مسجدسلیمان: پیام می‌دهم؛ برق از ساعت ۱ بامداد تا ۴ صبح قطع می‌شه. با این گرمای بیش از حد هوا و شرجی زیاد، خیلی سخته. هر شب هم همین وضع رو تکرار می‌کنن... هنوز هیچی نشده دوباره دارن اینترنت رو قطع می‌کنن و فیلترشکن‌فروش‌ها دوباره دارن افزایش قیمت می‌دن. 108.1K 07:09 AM,https://t.me/IranintlTV /346418,,,
